ID Bandeira;Bandeira
1;Branca
2;Raizen
3;Ipiranga
4;Stang
5;Vibra energia
6;Rodoil
7;Atlãântica
8;Atem' s
9;Sabbãâ
10;Alesat
11;Sp
12;Equador
13;Idaza
14;Pelikano
15;Raizen mime
16;Potencial
17;Maxsul
18;Fan
19;On petro
20;Taurus
21;Ciapetro
22;Setta distribuidora
23;Dislub
24;Charrua
25;Totalenergies
26;Masut distribuidora
27;Tdc distribuidora
28;Dibrape
29;Rio branco
30;Rejaile
31;Petrox distribuidora
32;Petrobrasil
33;D`mais
34;Simarelli
35;Sul combustãâveis
36;Larco
37;Royal fic
38;Petrobahia
39;Uni
40;Temape
41;Americanoil
42;Federal energia
43;Estrada
44;Walendowsky
45;Torrao
46;Air bp
47;Vibra
48;Rzd distribuidora
49;Rdp energia
50;Montepetro
51;Santa lucia
52;Ale
53;Small
54;Watt
55;Sim distribuidor
56;Petroserra
57;Nexta
58;Gp
