Data;Ano;Mês;Nome Mês;Dia do Ano;Quinzena
2023-01-03;2023;1;Janeiro;3;1
2023-01-04;2023;1;Janeiro;4;1
2023-01-05;2023;1;Janeiro;5;1
2023-01-06;2023;1;Janeiro;6;1
2023-01-07;2023;1;Janeiro;7;1
2023-01-08;2023;1;Janeiro;8;1
2023-01-09;2023;1;Janeiro;9;1
2023-01-10;2023;1;Janeiro;10;1
2023-01-11;2023;1;Janeiro;11;1
2023-01-12;2023;1;Janeiro;12;1
2023-01-13;2023;1;Janeiro;13;1
2023-01-14;2023;1;Janeiro;14;1
2023-01-15;2023;1;Janeiro;15;2
2023-01-16;2023;1;Janeiro;16;2
2023-01-17;2023;1;Janeiro;17;2
2023-01-18;2023;1;Janeiro;18;2
2023-01-19;2023;1;Janeiro;19;2
2023-01-20;2023;1;Janeiro;20;2
2023-01-21;2023;1;Janeiro;21;2
2023-01-22;2023;1;Janeiro;22;2
2023-01-23;2023;1;Janeiro;23;2
2023-01-24;2023;1;Janeiro;24;2
2023-01-25;2023;1;Janeiro;25;2
2023-01-26;2023;1;Janeiro;26;2
2023-01-27;2023;1;Janeiro;27;2
2023-01-28;2023;1;Janeiro;28;2
2023-01-29;2023;1;Janeiro;29;3
2023-01-30;2023;1;Janeiro;30;3
2023-01-31;2023;1;Janeiro;31;3
2023-02-01;2023;2;Fevereiro;32;3
2023-02-02;2023;2;Fevereiro;33;3
2023-02-03;2023;2;Fevereiro;34;3
2023-02-04;2023;2;Fevereiro;35;3
2023-02-05;2023;2;Fevereiro;36;3
2023-02-06;2023;2;Fevereiro;37;3
2023-02-07;2023;2;Fevereiro;38;3
2023-02-08;2023;2;Fevereiro;39;3
2023-02-09;2023;2;Fevereiro;40;3
2023-02-10;2023;2;Fevereiro;41;3
2023-02-11;2023;2;Fevereiro;42;3
2023-02-12;2023;2;Fevereiro;43;4
2023-02-13;2023;2;Fevereiro;44;4
2023-02-14;2023;2;Fevereiro;45;4
2023-02-15;2023;2;Fevereiro;46;4
2023-02-16;2023;2;Fevereiro;47;4
2023-02-17;2023;2;Fevereiro;48;4
2023-02-18;2023;2;Fevereiro;49;4
2023-02-19;2023;2;Fevereiro;50;4
2023-02-20;2023;2;Fevereiro;51;4
2023-02-21;2023;2;Fevereiro;52;4
2023-02-22;2023;2;Fevereiro;53;4
2023-02-23;2023;2;Fevereiro;54;4
2023-02-24;2023;2;Fevereiro;55;4
2023-02-25;2023;2;Fevereiro;56;4
2023-02-26;2023;2;Fevereiro;57;5
2023-02-27;2023;2;Fevereiro;58;5
2023-02-28;2023;2;Fevereiro;59;5
2023-03-01;2023;3;Março;60;5
2023-03-02;2023;3;Março;61;5
2023-03-03;2023;3;Março;62;5
2023-03-04;2023;3;Março;63;5
2023-03-05;2023;3;Março;64;5
2023-03-06;2023;3;Março;65;5
2023-03-07;2023;3;Março;66;5
2023-03-08;2023;3;Março;67;5
2023-03-09;2023;3;Março;68;5
2023-03-10;2023;3;Março;69;5
2023-03-11;2023;3;Março;70;5
2023-03-12;2023;3;Março;71;6
2023-03-13;2023;3;Março;72;6
2023-03-14;2023;3;Março;73;6
2023-03-15;2023;3;Março;74;6
2023-03-16;2023;3;Março;75;6
2023-03-17;2023;3;Março;76;6
2023-03-18;2023;3;Março;77;6
2023-03-19;2023;3;Março;78;6
2023-03-20;2023;3;Março;79;6
2023-03-21;2023;3;Março;80;6
2023-03-22;2023;3;Março;81;6
2023-03-23;2023;3;Março;82;6
2023-03-24;2023;3;Março;83;6
2023-03-25;2023;3;Março;84;6
2023-03-26;2023;3;Março;85;7
2023-03-27;2023;3;Março;86;7
2023-03-28;2023;3;Março;87;7
2023-03-29;2023;3;Março;88;7
2023-03-30;2023;3;Março;89;7
2023-03-31;2023;3;Março;90;7
2023-04-01;2023;4;Abril;91;7
2023-04-02;2023;4;Abril;92;7
2023-04-03;2023;4;Abril;93;7
2023-04-04;2023;4;Abril;94;7
2023-04-05;2023;4;Abril;95;7
2023-04-06;2023;4;Abril;96;7
2023-04-07;2023;4;Abril;97;7
2023-04-08;2023;4;Abril;98;7
2023-04-09;2023;4;Abril;99;8
2023-04-10;2023;4;Abril;100;8
2023-04-11;2023;4;Abril;101;8
2023-04-12;2023;4;Abril;102;8
2023-04-13;2023;4;Abril;103;8
2023-04-14;2023;4;Abril;104;8
2023-04-15;2023;4;Abril;105;8
2023-04-16;2023;4;Abril;106;8
2023-04-17;2023;4;Abril;107;8
2023-04-18;2023;4;Abril;108;8
2023-04-19;2023;4;Abril;109;8
2023-04-20;2023;4;Abril;110;8
2023-04-21;2023;4;Abril;111;8
2023-04-22;2023;4;Abril;112;8
2023-04-23;2023;4;Abril;113;9
2023-04-24;2023;4;Abril;114;9
2023-04-25;2023;4;Abril;115;9
2023-04-26;2023;4;Abril;116;9
2023-04-27;2023;4;Abril;117;9
2023-04-28;2023;4;Abril;118;9
2023-04-29;2023;4;Abril;119;9
2023-04-30;2023;4;Abril;120;9
2023-05-01;2023;5;Maio;121;9
2023-05-02;2023;5;Maio;122;9
2023-05-03;2023;5;Maio;123;9
2023-05-04;2023;5;Maio;124;9
2023-05-05;2023;5;Maio;125;9
2023-05-06;2023;5;Maio;126;9
2023-05-07;2023;5;Maio;127;10
2023-05-08;2023;5;Maio;128;10
2023-05-09;2023;5;Maio;129;10
2023-05-10;2023;5;Maio;130;10
2023-05-11;2023;5;Maio;131;10
2023-05-12;2023;5;Maio;132;10
2023-05-13;2023;5;Maio;133;10
2023-05-14;2023;5;Maio;134;10
2023-05-15;2023;5;Maio;135;10
2023-05-16;2023;5;Maio;136;10
2023-05-17;2023;5;Maio;137;10
2023-05-18;2023;5;Maio;138;10
2023-05-19;2023;5;Maio;139;10
2023-05-20;2023;5;Maio;140;10
2023-05-21;2023;5;Maio;141;11
2023-05-22;2023;5;Maio;142;11
2023-05-23;2023;5;Maio;143;11
2023-05-24;2023;5;Maio;144;11
2023-05-25;2023;5;Maio;145;11
2023-05-26;2023;5;Maio;146;11
2023-05-27;2023;5;Maio;147;11
2023-05-28;2023;5;Maio;148;11
2023-05-29;2023;5;Maio;149;11
2023-05-30;2023;5;Maio;150;11
2023-05-31;2023;5;Maio;151;11
2023-06-01;2023;6;Junho;152;11
2023-06-02;2023;6;Junho;153;11
2023-06-03;2023;6;Junho;154;11
2023-06-04;2023;6;Junho;155;12
2023-06-05;2023;6;Junho;156;12
2023-06-06;2023;6;Junho;157;12
2023-06-07;2023;6;Junho;158;12
2023-06-08;2023;6;Junho;159;12
2023-06-09;2023;6;Junho;160;12
2023-06-10;2023;6;Junho;161;12
2023-06-11;2023;6;Junho;162;12
2023-06-12;2023;6;Junho;163;12
2023-06-13;2023;6;Junho;164;12
2023-06-14;2023;6;Junho;165;12
2023-06-15;2023;6;Junho;166;12
2023-06-16;2023;6;Junho;167;12
2023-06-17;2023;6;Junho;168;12
2023-06-18;2023;6;Junho;169;13
2023-06-19;2023;6;Junho;170;13
2023-06-20;2023;6;Junho;171;13
2023-06-21;2023;6;Junho;172;13
2023-06-22;2023;6;Junho;173;13
2023-06-23;2023;6;Junho;174;13
2023-06-24;2023;6;Junho;175;13
2023-06-25;2023;6;Junho;176;13
2023-06-26;2023;6;Junho;177;13
2023-06-27;2023;6;Junho;178;13
2023-06-28;2023;6;Junho;179;13
2023-06-29;2023;6;Junho;180;13
2023-06-30;2023;6;Junho;181;13
2023-07-01;2023;7;Julho;182;13
2023-07-02;2023;7;Julho;183;14
2023-07-03;2023;7;Julho;184;14
2023-07-04;2023;7;Julho;185;14
2023-07-05;2023;7;Julho;186;14
2023-07-06;2023;7;Julho;187;14
2023-07-07;2023;7;Julho;188;14
2023-07-08;2023;7;Julho;189;14
2023-07-09;2023;7;Julho;190;14
2023-07-10;2023;7;Julho;191;14
2023-07-11;2023;7;Julho;192;14
2023-07-12;2023;7;Julho;193;14
2023-07-13;2023;7;Julho;194;14
2023-07-14;2023;7;Julho;195;14
2023-07-15;2023;7;Julho;196;14
2023-07-16;2023;7;Julho;197;15
2023-07-17;2023;7;Julho;198;15
2023-07-18;2023;7;Julho;199;15
2023-07-19;2023;7;Julho;200;15
2023-07-20;2023;7;Julho;201;15
2023-07-21;2023;7;Julho;202;15
2023-07-22;2023;7;Julho;203;15
2023-07-23;2023;7;Julho;204;15
2023-07-24;2023;7;Julho;205;15
2023-07-25;2023;7;Julho;206;15
2023-07-26;2023;7;Julho;207;15
2023-07-27;2023;7;Julho;208;15
2023-07-28;2023;7;Julho;209;15
2023-07-29;2023;7;Julho;210;15
2023-07-30;2023;7;Julho;211;16
2023-07-31;2023;7;Julho;212;16
2023-08-01;2023;8;Agosto;213;16
2023-08-02;2023;8;Agosto;214;16
2023-08-03;2023;8;Agosto;215;16
2023-08-04;2023;8;Agosto;216;16
2023-08-05;2023;8;Agosto;217;16
2023-08-06;2023;8;Agosto;218;16
2023-08-07;2023;8;Agosto;219;16
2023-08-08;2023;8;Agosto;220;16
2023-08-09;2023;8;Agosto;221;16
2023-08-10;2023;8;Agosto;222;16
2023-08-11;2023;8;Agosto;223;16
2023-08-12;2023;8;Agosto;224;16
2023-08-13;2023;8;Agosto;225;17
2023-08-14;2023;8;Agosto;226;17
2023-08-15;2023;8;Agosto;227;17
2023-08-16;2023;8;Agosto;228;17
2023-08-17;2023;8;Agosto;229;17
2023-08-18;2023;8;Agosto;230;17
2023-08-19;2023;8;Agosto;231;17
2023-08-20;2023;8;Agosto;232;17
2023-08-21;2023;8;Agosto;233;17
2023-08-22;2023;8;Agosto;234;17
2023-08-23;2023;8;Agosto;235;17
2023-08-24;2023;8;Agosto;236;17
2023-08-25;2023;8;Agosto;237;17
2023-08-26;2023;8;Agosto;238;17
2023-08-27;2023;8;Agosto;239;18
2023-08-28;2023;8;Agosto;240;18
2023-08-29;2023;8;Agosto;241;18
2023-08-30;2023;8;Agosto;242;18
2023-08-31;2023;8;Agosto;243;18
2023-09-01;2023;9;Setembro;244;18
2023-09-02;2023;9;Setembro;245;18
2023-09-03;2023;9;Setembro;246;18
2023-09-04;2023;9;Setembro;247;18
2023-09-05;2023;9;Setembro;248;18
2023-09-06;2023;9;Setembro;249;18
2023-09-07;2023;9;Setembro;250;18
2023-09-08;2023;9;Setembro;251;18
2023-09-09;2023;9;Setembro;252;18
2023-09-10;2023;9;Setembro;253;19
2023-09-11;2023;9;Setembro;254;19
2023-09-12;2023;9;Setembro;255;19
2023-09-13;2023;9;Setembro;256;19
2023-09-14;2023;9;Setembro;257;19
2023-09-15;2023;9;Setembro;258;19
2023-09-16;2023;9;Setembro;259;19
2023-09-17;2023;9;Setembro;260;19
2023-09-18;2023;9;Setembro;261;19
2023-09-19;2023;9;Setembro;262;19
2023-09-20;2023;9;Setembro;263;19
2023-09-21;2023;9;Setembro;264;19
2023-09-22;2023;9;Setembro;265;19
2023-09-23;2023;9;Setembro;266;19
2023-09-24;2023;9;Setembro;267;20
2023-09-25;2023;9;Setembro;268;20
2023-09-26;2023;9;Setembro;269;20
2023-09-27;2023;9;Setembro;270;20
2023-09-28;2023;9;Setembro;271;20
2023-09-29;2023;9;Setembro;272;20
2023-09-30;2023;9;Setembro;273;20
2023-10-01;2023;10;Outubro;274;20
2023-10-02;2023;10;Outubro;275;20
2023-10-03;2023;10;Outubro;276;20
2023-10-04;2023;10;Outubro;277;20
2023-10-05;2023;10;Outubro;278;20
2023-10-06;2023;10;Outubro;279;20
2023-10-07;2023;10;Outubro;280;20
2023-10-08;2023;10;Outubro;281;21
2023-10-09;2023;10;Outubro;282;21
2023-10-10;2023;10;Outubro;283;21
2023-10-11;2023;10;Outubro;284;21
2023-10-12;2023;10;Outubro;285;21
2023-10-13;2023;10;Outubro;286;21
2023-10-14;2023;10;Outubro;287;21
2023-10-15;2023;10;Outubro;288;21
2023-10-16;2023;10;Outubro;289;21
2023-10-17;2023;10;Outubro;290;21
2023-10-18;2023;10;Outubro;291;21
2023-10-19;2023;10;Outubro;292;21
2023-10-20;2023;10;Outubro;293;21
2023-10-21;2023;10;Outubro;294;21
2023-10-22;2023;10;Outubro;295;22
2023-10-23;2023;10;Outubro;296;22
2023-10-24;2023;10;Outubro;297;22
2023-10-25;2023;10;Outubro;298;22
2023-10-26;2023;10;Outubro;299;22
2023-10-27;2023;10;Outubro;300;22
2023-10-28;2023;10;Outubro;301;22
2023-10-29;2023;10;Outubro;302;22
2023-10-30;2023;10;Outubro;303;22
2023-10-31;2023;10;Outubro;304;22
2023-11-01;2023;11;Novembro;305;22
2023-11-02;2023;11;Novembro;306;22
2023-11-03;2023;11;Novembro;307;22
2023-11-04;2023;11;Novembro;308;22
2023-11-05;2023;11;Novembro;309;23
2023-11-06;2023;11;Novembro;310;23
2023-11-07;2023;11;Novembro;311;23
2023-11-08;2023;11;Novembro;312;23
2023-11-09;2023;11;Novembro;313;23
2023-11-10;2023;11;Novembro;314;23
2023-11-11;2023;11;Novembro;315;23
2023-11-12;2023;11;Novembro;316;23
2023-11-13;2023;11;Novembro;317;23
2023-11-14;2023;11;Novembro;318;23
2023-11-15;2023;11;Novembro;319;23
2023-11-16;2023;11;Novembro;320;23
2023-11-17;2023;11;Novembro;321;23
2023-11-18;2023;11;Novembro;322;23
2023-11-19;2023;11;Novembro;323;24
2023-11-20;2023;11;Novembro;324;24
2023-11-21;2023;11;Novembro;325;24
2023-11-22;2023;11;Novembro;326;24
2023-11-23;2023;11;Novembro;327;24
2023-11-24;2023;11;Novembro;328;24
2023-11-25;2023;11;Novembro;329;24
2023-11-26;2023;11;Novembro;330;24
2023-11-27;2023;11;Novembro;331;24
2023-11-28;2023;11;Novembro;332;24
2023-11-29;2023;11;Novembro;333;24
2023-11-30;2023;11;Novembro;334;24
2023-12-01;2023;12;Dezembro;335;24
2023-12-02;2023;12;Dezembro;336;24
2023-12-03;2023;12;Dezembro;337;25
2023-12-04;2023;12;Dezembro;338;25
2023-12-05;2023;12;Dezembro;339;25
2023-12-06;2023;12;Dezembro;340;25
2023-12-07;2023;12;Dezembro;341;25
2023-12-08;2023;12;Dezembro;342;25
2023-12-09;2023;12;Dezembro;343;25
2023-12-10;2023;12;Dezembro;344;25
2023-12-11;2023;12;Dezembro;345;25
2023-12-12;2023;12;Dezembro;346;25
2023-12-13;2023;12;Dezembro;347;25
2023-12-14;2023;12;Dezembro;348;25
2023-12-15;2023;12;Dezembro;349;25
2023-12-16;2023;12;Dezembro;350;25
2023-12-17;2023;12;Dezembro;351;26
2023-12-18;2023;12;Dezembro;352;26
2023-12-19;2023;12;Dezembro;353;26
2023-12-20;2023;12;Dezembro;354;26
2023-12-21;2023;12;Dezembro;355;26
2023-12-22;2023;12;Dezembro;356;26
2023-12-23;2023;12;Dezembro;357;26
2023-12-24;2023;12;Dezembro;358;26
2023-12-25;2023;12;Dezembro;359;26
2023-12-26;2023;12;Dezembro;360;26
2023-12-27;2023;12;Dezembro;361;26
2023-12-28;2023;12;Dezembro;362;26
2023-12-29;2023;12;Dezembro;363;26
2023-12-30;2023;12;Dezembro;364;26
2023-12-31;2023;12;Dezembro;365;26
2024-01-01;2024;1;Janeiro;1;1
2024-01-02;2024;1;Janeiro;2;1
2024-01-03;2024;1;Janeiro;3;1
2024-01-04;2024;1;Janeiro;4;1
2024-01-05;2024;1;Janeiro;5;1
2024-01-06;2024;1;Janeiro;6;1
2024-01-07;2024;1;Janeiro;7;1
2024-01-08;2024;1;Janeiro;8;1
2024-01-09;2024;1;Janeiro;9;1
2024-01-10;2024;1;Janeiro;10;1
2024-01-11;2024;1;Janeiro;11;1
2024-01-12;2024;1;Janeiro;12;1
2024-01-13;2024;1;Janeiro;13;1
2024-01-14;2024;1;Janeiro;14;1
2024-01-15;2024;1;Janeiro;15;2
2024-01-16;2024;1;Janeiro;16;2
2024-01-17;2024;1;Janeiro;17;2
2024-01-18;2024;1;Janeiro;18;2
2024-01-19;2024;1;Janeiro;19;2
2024-01-20;2024;1;Janeiro;20;2
2024-01-21;2024;1;Janeiro;21;2
2024-01-22;2024;1;Janeiro;22;2
2024-01-23;2024;1;Janeiro;23;2
2024-01-24;2024;1;Janeiro;24;2
2024-01-25;2024;1;Janeiro;25;2
2024-01-26;2024;1;Janeiro;26;2
2024-01-27;2024;1;Janeiro;27;2
2024-01-28;2024;1;Janeiro;28;2
2024-01-29;2024;1;Janeiro;29;3
2024-01-30;2024;1;Janeiro;30;3
2024-01-31;2024;1;Janeiro;31;3
2024-02-01;2024;2;Fevereiro;32;3
2024-02-02;2024;2;Fevereiro;33;3
2024-02-03;2024;2;Fevereiro;34;3
2024-02-04;2024;2;Fevereiro;35;3
2024-02-05;2024;2;Fevereiro;36;3
2024-02-06;2024;2;Fevereiro;37;3
2024-02-07;2024;2;Fevereiro;38;3
2024-02-08;2024;2;Fevereiro;39;3
2024-02-09;2024;2;Fevereiro;40;3
2024-02-10;2024;2;Fevereiro;41;3
2024-02-11;2024;2;Fevereiro;42;3
2024-02-12;2024;2;Fevereiro;43;4
2024-02-13;2024;2;Fevereiro;44;4
2024-02-14;2024;2;Fevereiro;45;4
2024-02-15;2024;2;Fevereiro;46;4
2024-02-16;2024;2;Fevereiro;47;4
2024-02-17;2024;2;Fevereiro;48;4
2024-02-18;2024;2;Fevereiro;49;4
2024-02-19;2024;2;Fevereiro;50;4
2024-02-20;2024;2;Fevereiro;51;4
2024-02-21;2024;2;Fevereiro;52;4
2024-02-22;2024;2;Fevereiro;53;4
2024-02-23;2024;2;Fevereiro;54;4
2024-02-24;2024;2;Fevereiro;55;4
2024-02-25;2024;2;Fevereiro;56;4
2024-02-26;2024;2;Fevereiro;57;5
2024-02-27;2024;2;Fevereiro;58;5
2024-02-28;2024;2;Fevereiro;59;5
2024-02-29;2024;2;Fevereiro;60;5
2024-03-01;2024;3;Março;61;5
2024-03-02;2024;3;Março;62;5
2024-03-03;2024;3;Março;63;5
2024-03-04;2024;3;Março;64;5
2024-03-05;2024;3;Março;65;5
2024-03-06;2024;3;Março;66;5
2024-03-07;2024;3;Março;67;5
2024-03-08;2024;3;Março;68;5
2024-03-09;2024;3;Março;69;5
2024-03-10;2024;3;Março;70;5
2024-03-11;2024;3;Março;71;6
2024-03-12;2024;3;Março;72;6
2024-03-13;2024;3;Março;73;6
2024-03-14;2024;3;Março;74;6
2024-03-15;2024;3;Março;75;6
2024-03-16;2024;3;Março;76;6
2024-03-17;2024;3;Março;77;6
2024-03-18;2024;3;Março;78;6
2024-03-19;2024;3;Março;79;6
2024-03-20;2024;3;Março;80;6
2024-03-21;2024;3;Março;81;6
2024-03-22;2024;3;Março;82;6
2024-03-23;2024;3;Março;83;6
2024-03-24;2024;3;Março;84;6
2024-03-25;2024;3;Março;85;7
2024-03-26;2024;3;Março;86;7
2024-03-27;2024;3;Março;87;7
2024-03-28;2024;3;Março;88;7
2024-03-29;2024;3;Março;89;7
2024-03-30;2024;3;Março;90;7
2024-03-31;2024;3;Março;91;7
2024-04-01;2024;4;Abril;92;7
2024-04-02;2024;4;Abril;93;7
2024-04-03;2024;4;Abril;94;7
2024-04-04;2024;4;Abril;95;7
2024-04-05;2024;4;Abril;96;7
2024-04-06;2024;4;Abril;97;7
2024-04-07;2024;4;Abril;98;7
2024-04-08;2024;4;Abril;99;8
2024-04-09;2024;4;Abril;100;8
2024-04-10;2024;4;Abril;101;8
2024-04-11;2024;4;Abril;102;8
2024-04-12;2024;4;Abril;103;8
2024-04-13;2024;4;Abril;104;8
2024-04-14;2024;4;Abril;105;8
2024-04-15;2024;4;Abril;106;8
2024-04-16;2024;4;Abril;107;8
2024-04-17;2024;4;Abril;108;8
2024-04-18;2024;4;Abril;109;8
2024-04-19;2024;4;Abril;110;8
2024-04-20;2024;4;Abril;111;8
2024-04-21;2024;4;Abril;112;8
2024-04-22;2024;4;Abril;113;9
2024-04-23;2024;4;Abril;114;9
2024-04-24;2024;4;Abril;115;9
2024-04-25;2024;4;Abril;116;9
2024-04-26;2024;4;Abril;117;9
2024-04-27;2024;4;Abril;118;9
2024-04-28;2024;4;Abril;119;9
2024-04-29;2024;4;Abril;120;9
2024-04-30;2024;4;Abril;121;9
2024-05-01;2024;5;Maio;122;9
2024-05-02;2024;5;Maio;123;9
2024-05-03;2024;5;Maio;124;9
2024-05-04;2024;5;Maio;125;9
2024-05-05;2024;5;Maio;126;9
2024-05-06;2024;5;Maio;127;10
2024-05-07;2024;5;Maio;128;10
2024-05-08;2024;5;Maio;129;10
2024-05-09;2024;5;Maio;130;10
2024-05-10;2024;5;Maio;131;10
2024-05-11;2024;5;Maio;132;10
2024-05-12;2024;5;Maio;133;10
2024-05-13;2024;5;Maio;134;10
2024-05-14;2024;5;Maio;135;10
2024-05-15;2024;5;Maio;136;10
2024-05-16;2024;5;Maio;137;10
2024-05-17;2024;5;Maio;138;10
2024-05-18;2024;5;Maio;139;10
2024-05-19;2024;5;Maio;140;10
2024-05-20;2024;5;Maio;141;11
2024-05-21;2024;5;Maio;142;11
2024-05-22;2024;5;Maio;143;11
2024-05-23;2024;5;Maio;144;11
2024-05-24;2024;5;Maio;145;11
2024-05-25;2024;5;Maio;146;11
2024-05-26;2024;5;Maio;147;11
2024-05-27;2024;5;Maio;148;11
2024-05-28;2024;5;Maio;149;11
2024-05-29;2024;5;Maio;150;11
2024-05-30;2024;5;Maio;151;11
2024-05-31;2024;5;Maio;152;11
2024-06-01;2024;6;Junho;153;11
2024-06-02;2024;6;Junho;154;11
2024-06-03;2024;6;Junho;155;12
2024-06-04;2024;6;Junho;156;12
2024-06-05;2024;6;Junho;157;12
2024-06-06;2024;6;Junho;158;12
2024-06-07;2024;6;Junho;159;12
2024-06-08;2024;6;Junho;160;12
2024-06-09;2024;6;Junho;161;12
2024-06-10;2024;6;Junho;162;12
2024-06-11;2024;6;Junho;163;12
2024-06-12;2024;6;Junho;164;12
2024-06-13;2024;6;Junho;165;12
2024-06-14;2024;6;Junho;166;12
2024-06-15;2024;6;Junho;167;12
2024-06-16;2024;6;Junho;168;12
2024-06-17;2024;6;Junho;169;13
2024-06-18;2024;6;Junho;170;13
2024-06-19;2024;6;Junho;171;13
2024-06-20;2024;6;Junho;172;13
2024-06-21;2024;6;Junho;173;13
2024-06-22;2024;6;Junho;174;13
2024-06-23;2024;6;Junho;175;13
2024-06-24;2024;6;Junho;176;13
2024-06-25;2024;6;Junho;177;13
2024-06-26;2024;6;Junho;178;13
2024-06-27;2024;6;Junho;179;13
2024-06-28;2024;6;Junho;180;13
2024-06-29;2024;6;Junho;181;13
2024-06-30;2024;6;Junho;182;13
2024-07-01;2024;7;Julho;183;14
2024-07-02;2024;7;Julho;184;14
2024-07-03;2024;7;Julho;185;14
2024-07-04;2024;7;Julho;186;14
2024-07-05;2024;7;Julho;187;14
2024-07-06;2024;7;Julho;188;14
2024-07-07;2024;7;Julho;189;14
2024-07-08;2024;7;Julho;190;14
2024-07-09;2024;7;Julho;191;14
2024-07-10;2024;7;Julho;192;14
2024-07-11;2024;7;Julho;193;14
2024-07-12;2024;7;Julho;194;14
2024-07-13;2024;7;Julho;195;14
2024-07-14;2024;7;Julho;196;14
2024-07-15;2024;7;Julho;197;15
2024-07-16;2024;7;Julho;198;15
2024-07-17;2024;7;Julho;199;15
2024-07-18;2024;7;Julho;200;15
2024-07-19;2024;7;Julho;201;15
2024-07-20;2024;7;Julho;202;15
2024-07-21;2024;7;Julho;203;15
2024-07-22;2024;7;Julho;204;15
2024-07-23;2024;7;Julho;205;15
2024-07-24;2024;7;Julho;206;15
2024-07-25;2024;7;Julho;207;15
2024-07-26;2024;7;Julho;208;15
2024-07-27;2024;7;Julho;209;15
2024-07-28;2024;7;Julho;210;15
2024-07-29;2024;7;Julho;211;16
2024-07-30;2024;7;Julho;212;16
2024-07-31;2024;7;Julho;213;16
2024-08-01;2024;8;Agosto;214;16
2024-08-02;2024;8;Agosto;215;16
2024-08-03;2024;8;Agosto;216;16
2024-08-04;2024;8;Agosto;217;16
2024-08-05;2024;8;Agosto;218;16
2024-08-06;2024;8;Agosto;219;16
2024-08-07;2024;8;Agosto;220;16
2024-08-08;2024;8;Agosto;221;16
2024-08-09;2024;8;Agosto;222;16
2024-08-10;2024;8;Agosto;223;16
2024-08-11;2024;8;Agosto;224;16
2024-08-12;2024;8;Agosto;225;17
2024-08-13;2024;8;Agosto;226;17
2024-08-14;2024;8;Agosto;227;17
2024-08-15;2024;8;Agosto;228;17
2024-08-16;2024;8;Agosto;229;17
2024-08-17;2024;8;Agosto;230;17
2024-08-18;2024;8;Agosto;231;17
2024-08-19;2024;8;Agosto;232;17
2024-08-20;2024;8;Agosto;233;17
2024-08-21;2024;8;Agosto;234;17
2024-08-22;2024;8;Agosto;235;17
2024-08-23;2024;8;Agosto;236;17
2024-08-24;2024;8;Agosto;237;17
2024-08-25;2024;8;Agosto;238;17
2024-08-26;2024;8;Agosto;239;18
2024-08-27;2024;8;Agosto;240;18
2024-08-28;2024;8;Agosto;241;18
2024-08-29;2024;8;Agosto;242;18
2024-08-30;2024;8;Agosto;243;18
2024-08-31;2024;8;Agosto;244;18
2024-09-01;2024;9;Setembro;245;18
2024-09-02;2024;9;Setembro;246;18
2024-09-03;2024;9;Setembro;247;18
2024-09-04;2024;9;Setembro;248;18
2024-09-05;2024;9;Setembro;249;18
2024-09-06;2024;9;Setembro;250;18
2024-09-07;2024;9;Setembro;251;18
2024-09-08;2024;9;Setembro;252;18
2024-09-09;2024;9;Setembro;253;19
2024-09-10;2024;9;Setembro;254;19
2024-09-11;2024;9;Setembro;255;19
2024-09-12;2024;9;Setembro;256;19
2024-09-13;2024;9;Setembro;257;19
2024-09-14;2024;9;Setembro;258;19
2024-09-15;2024;9;Setembro;259;19
2024-09-16;2024;9;Setembro;260;19
2024-09-17;2024;9;Setembro;261;19
2024-09-18;2024;9;Setembro;262;19
2024-09-19;2024;9;Setembro;263;19
2024-09-20;2024;9;Setembro;264;19
2024-09-21;2024;9;Setembro;265;19
2024-09-22;2024;9;Setembro;266;19
2024-09-23;2024;9;Setembro;267;20
2024-09-24;2024;9;Setembro;268;20
2024-09-25;2024;9;Setembro;269;20
2024-09-26;2024;9;Setembro;270;20
2024-09-27;2024;9;Setembro;271;20
2024-09-28;2024;9;Setembro;272;20
2024-09-29;2024;9;Setembro;273;20
2024-09-30;2024;9;Setembro;274;20
2024-10-01;2024;10;Outubro;275;20
2024-10-02;2024;10;Outubro;276;20
2024-10-03;2024;10;Outubro;277;20
2024-10-04;2024;10;Outubro;278;20
2024-10-05;2024;10;Outubro;279;20
2024-10-06;2024;10;Outubro;280;20
2024-10-07;2024;10;Outubro;281;21
2024-10-08;2024;10;Outubro;282;21
2024-10-09;2024;10;Outubro;283;21
2024-10-10;2024;10;Outubro;284;21
2024-10-11;2024;10;Outubro;285;21
2024-10-12;2024;10;Outubro;286;21
2024-10-13;2024;10;Outubro;287;21
2024-10-14;2024;10;Outubro;288;21
2024-10-15;2024;10;Outubro;289;21
2024-10-16;2024;10;Outubro;290;21
2024-10-17;2024;10;Outubro;291;21
2024-10-18;2024;10;Outubro;292;21
2024-10-19;2024;10;Outubro;293;21
2024-10-20;2024;10;Outubro;294;21
2024-10-21;2024;10;Outubro;295;22
2024-10-22;2024;10;Outubro;296;22
2024-10-23;2024;10;Outubro;297;22
2024-10-24;2024;10;Outubro;298;22
2024-10-25;2024;10;Outubro;299;22
2024-10-26;2024;10;Outubro;300;22
2024-10-27;2024;10;Outubro;301;22
2024-10-28;2024;10;Outubro;302;22
2024-10-29;2024;10;Outubro;303;22
2024-10-30;2024;10;Outubro;304;22
2024-10-31;2024;10;Outubro;305;22
2024-11-01;2024;11;Novembro;306;22
2024-11-02;2024;11;Novembro;307;22
2024-11-03;2024;11;Novembro;308;22
2024-11-04;2024;11;Novembro;309;23
2024-11-05;2024;11;Novembro;310;23
2024-11-06;2024;11;Novembro;311;23
2024-11-07;2024;11;Novembro;312;23
2024-11-08;2024;11;Novembro;313;23
2024-11-09;2024;11;Novembro;314;23
2024-11-10;2024;11;Novembro;315;23
2024-11-11;2024;11;Novembro;316;23
2024-11-12;2024;11;Novembro;317;23
2024-11-13;2024;11;Novembro;318;23
2024-11-14;2024;11;Novembro;319;23
2024-11-15;2024;11;Novembro;320;23
2024-11-16;2024;11;Novembro;321;23
2024-11-17;2024;11;Novembro;322;23
2024-11-18;2024;11;Novembro;323;24
2024-11-19;2024;11;Novembro;324;24
2024-11-20;2024;11;Novembro;325;24
2024-11-21;2024;11;Novembro;326;24
2024-11-22;2024;11;Novembro;327;24
2024-11-23;2024;11;Novembro;328;24
2024-11-24;2024;11;Novembro;329;24
2024-11-25;2024;11;Novembro;330;24
2024-11-26;2024;11;Novembro;331;24
2024-11-27;2024;11;Novembro;332;24
2024-11-28;2024;11;Novembro;333;24
2024-11-29;2024;11;Novembro;334;24
2024-11-30;2024;11;Novembro;335;24
2024-12-01;2024;12;Dezembro;336;24
2024-12-02;2024;12;Dezembro;337;25
2024-12-03;2024;12;Dezembro;338;25
2024-12-04;2024;12;Dezembro;339;25
2024-12-05;2024;12;Dezembro;340;25
2024-12-06;2024;12;Dezembro;341;25
2024-12-07;2024;12;Dezembro;342;25
2024-12-08;2024;12;Dezembro;343;25
2024-12-09;2024;12;Dezembro;344;25
2024-12-10;2024;12;Dezembro;345;25
2024-12-11;2024;12;Dezembro;346;25
2024-12-12;2024;12;Dezembro;347;25
2024-12-13;2024;12;Dezembro;348;25
2024-12-14;2024;12;Dezembro;349;25
2024-12-15;2024;12;Dezembro;350;25
2024-12-16;2024;12;Dezembro;351;26
2024-12-17;2024;12;Dezembro;352;26
2024-12-18;2024;12;Dezembro;353;26
2024-12-19;2024;12;Dezembro;354;26
2024-12-20;2024;12;Dezembro;355;26
2024-12-21;2024;12;Dezembro;356;26
2024-12-22;2024;12;Dezembro;357;26
2024-12-23;2024;12;Dezembro;358;26
2024-12-24;2024;12;Dezembro;359;26
2024-12-25;2024;12;Dezembro;360;26
2024-12-26;2024;12;Dezembro;361;26
2024-12-27;2024;12;Dezembro;362;26
2024-12-28;2024;12;Dezembro;363;26
2024-12-29;2024;12;Dezembro;364;26
2024-12-30;2024;12;Dezembro;365;26
2024-12-31;2024;12;Dezembro;366;26
2025-01-01;2025;1;Janeiro;1;1
2025-01-02;2025;1;Janeiro;2;1
2025-01-03;2025;1;Janeiro;3;1
2025-01-04;2025;1;Janeiro;4;1
2025-01-05;2025;1;Janeiro;5;1
2025-01-06;2025;1;Janeiro;6;1
2025-01-07;2025;1;Janeiro;7;1
2025-01-08;2025;1;Janeiro;8;1
2025-01-09;2025;1;Janeiro;9;1
2025-01-10;2025;1;Janeiro;10;1
2025-01-11;2025;1;Janeiro;11;1
2025-01-12;2025;1;Janeiro;12;1
2025-01-13;2025;1;Janeiro;13;1
2025-01-14;2025;1;Janeiro;14;1
2025-01-15;2025;1;Janeiro;15;2
2025-01-16;2025;1;Janeiro;16;2
2025-01-17;2025;1;Janeiro;17;2
2025-01-18;2025;1;Janeiro;18;2
2025-01-19;2025;1;Janeiro;19;2
2025-01-20;2025;1;Janeiro;20;2
2025-01-21;2025;1;Janeiro;21;2
2025-01-22;2025;1;Janeiro;22;2
2025-01-23;2025;1;Janeiro;23;2
2025-01-24;2025;1;Janeiro;24;2
2025-01-25;2025;1;Janeiro;25;2
2025-01-26;2025;1;Janeiro;26;2
2025-01-27;2025;1;Janeiro;27;2
2025-01-28;2025;1;Janeiro;28;2
2025-01-29;2025;1;Janeiro;29;3
2025-01-30;2025;1;Janeiro;30;3
2025-01-31;2025;1;Janeiro;31;3
2025-02-01;2025;2;Fevereiro;32;3
2025-02-02;2025;2;Fevereiro;33;3
2025-02-03;2025;2;Fevereiro;34;3
2025-02-04;2025;2;Fevereiro;35;3
2025-02-05;2025;2;Fevereiro;36;3
2025-02-06;2025;2;Fevereiro;37;3
2025-02-07;2025;2;Fevereiro;38;3
2025-02-08;2025;2;Fevereiro;39;3
2025-02-09;2025;2;Fevereiro;40;3
2025-02-10;2025;2;Fevereiro;41;3
2025-02-11;2025;2;Fevereiro;42;3
2025-02-12;2025;2;Fevereiro;43;4
2025-02-13;2025;2;Fevereiro;44;4
2025-02-14;2025;2;Fevereiro;45;4
2025-02-15;2025;2;Fevereiro;46;4
2025-02-16;2025;2;Fevereiro;47;4
2025-02-17;2025;2;Fevereiro;48;4
2025-02-18;2025;2;Fevereiro;49;4
2025-02-19;2025;2;Fevereiro;50;4
2025-02-20;2025;2;Fevereiro;51;4
2025-02-21;2025;2;Fevereiro;52;4
2025-02-22;2025;2;Fevereiro;53;4
2025-02-23;2025;2;Fevereiro;54;4
2025-02-24;2025;2;Fevereiro;55;4
2025-02-25;2025;2;Fevereiro;56;4
2025-02-26;2025;2;Fevereiro;57;5
2025-02-27;2025;2;Fevereiro;58;5
2025-02-28;2025;2;Fevereiro;59;5
2025-03-01;2025;3;Março;60;5
2025-03-02;2025;3;Março;61;5
2025-03-03;2025;3;Março;62;5
2025-03-04;2025;3;Março;63;5
2025-03-05;2025;3;Março;64;5
2025-03-06;2025;3;Março;65;5
2025-03-07;2025;3;Março;66;5
2025-03-08;2025;3;Março;67;5
2025-03-09;2025;3;Março;68;5
2025-03-10;2025;3;Março;69;5
2025-03-11;2025;3;Março;70;5
2025-03-12;2025;3;Março;71;6
2025-03-13;2025;3;Março;72;6
2025-03-14;2025;3;Março;73;6
2025-03-15;2025;3;Março;74;6
2025-03-16;2025;3;Março;75;6
2025-03-17;2025;3;Março;76;6
2025-03-18;2025;3;Março;77;6
2025-03-19;2025;3;Março;78;6
2025-03-20;2025;3;Março;79;6
2025-03-21;2025;3;Março;80;6
2025-03-22;2025;3;Março;81;6
2025-03-23;2025;3;Março;82;6
2025-03-24;2025;3;Março;83;6
2025-03-25;2025;3;Março;84;6
2025-03-26;2025;3;Março;85;7
2025-03-27;2025;3;Março;86;7
2025-03-28;2025;3;Março;87;7
2025-03-29;2025;3;Março;88;7
2025-03-30;2025;3;Março;89;7
2025-03-31;2025;3;Março;90;7
2025-04-01;2025;4;Abril;91;7
2025-04-02;2025;4;Abril;92;7
2025-04-03;2025;4;Abril;93;7
2025-04-04;2025;4;Abril;94;7
2025-04-05;2025;4;Abril;95;7
2025-04-06;2025;4;Abril;96;7
2025-04-07;2025;4;Abril;97;7
2025-04-08;2025;4;Abril;98;7
2025-04-09;2025;4;Abril;99;8
2025-04-10;2025;4;Abril;100;8
2025-04-11;2025;4;Abril;101;8
2025-04-12;2025;4;Abril;102;8
2025-04-13;2025;4;Abril;103;8
2025-04-14;2025;4;Abril;104;8
2025-04-15;2025;4;Abril;105;8
2025-04-16;2025;4;Abril;106;8
2025-04-17;2025;4;Abril;107;8
2025-04-18;2025;4;Abril;108;8
2025-04-19;2025;4;Abril;109;8
2025-04-20;2025;4;Abril;110;8
2025-04-21;2025;4;Abril;111;8
2025-04-22;2025;4;Abril;112;8
2025-04-23;2025;4;Abril;113;9
2025-04-24;2025;4;Abril;114;9
2025-04-25;2025;4;Abril;115;9
2025-04-26;2025;4;Abril;116;9
2025-04-27;2025;4;Abril;117;9
2025-04-28;2025;4;Abril;118;9
2025-04-29;2025;4;Abril;119;9
2025-04-30;2025;4;Abril;120;9
2025-05-01;2025;5;Maio;121;9
2025-05-02;2025;5;Maio;122;9
2025-05-03;2025;5;Maio;123;9
2025-05-04;2025;5;Maio;124;9
2025-05-05;2025;5;Maio;125;9
2025-05-06;2025;5;Maio;126;9
2025-05-07;2025;5;Maio;127;10
2025-05-08;2025;5;Maio;128;10
2025-05-09;2025;5;Maio;129;10
2025-05-10;2025;5;Maio;130;10
2025-05-11;2025;5;Maio;131;10
2025-05-12;2025;5;Maio;132;10
2025-05-13;2025;5;Maio;133;10
2025-05-14;2025;5;Maio;134;10
2025-05-15;2025;5;Maio;135;10
2025-05-16;2025;5;Maio;136;10
2025-05-17;2025;5;Maio;137;10
2025-05-18;2025;5;Maio;138;10
2025-05-19;2025;5;Maio;139;10
2025-05-20;2025;5;Maio;140;10
2025-05-21;2025;5;Maio;141;11
2025-05-22;2025;5;Maio;142;11
2025-05-23;2025;5;Maio;143;11
2025-05-24;2025;5;Maio;144;11
2025-05-25;2025;5;Maio;145;11
2025-05-26;2025;5;Maio;146;11
2025-05-27;2025;5;Maio;147;11
2025-05-28;2025;5;Maio;148;11
2025-05-29;2025;5;Maio;149;11
2025-05-30;2025;5;Maio;150;11
2025-05-31;2025;5;Maio;151;11
2025-06-01;2025;6;Junho;152;11
2025-06-02;2025;6;Junho;153;11
2025-06-03;2025;6;Junho;154;11
2025-06-04;2025;6;Junho;155;12
2025-06-05;2025;6;Junho;156;12
2025-06-06;2025;6;Junho;157;12
2025-06-07;2025;6;Junho;158;12
2025-06-08;2025;6;Junho;159;12
2025-06-09;2025;6;Junho;160;12
2025-06-10;2025;6;Junho;161;12
2025-06-11;2025;6;Junho;162;12
2025-06-12;2025;6;Junho;163;12
2025-06-13;2025;6;Junho;164;12
2025-06-14;2025;6;Junho;165;12
2025-06-15;2025;6;Junho;166;12
2025-06-16;2025;6;Junho;167;12
2025-06-17;2025;6;Junho;168;12
2025-06-18;2025;6;Junho;169;13
2025-06-19;2025;6;Junho;170;13
2025-06-20;2025;6;Junho;171;13
2025-06-21;2025;6;Junho;172;13
2025-06-22;2025;6;Junho;173;13
2025-06-23;2025;6;Junho;174;13
2025-06-24;2025;6;Junho;175;13
2025-06-25;2025;6;Junho;176;13
2025-06-26;2025;6;Junho;177;13
2025-06-27;2025;6;Junho;178;13
2025-06-28;2025;6;Junho;179;13
2025-06-29;2025;6;Junho;180;13
2025-06-30;2025;6;Junho;181;13
2025-07-01;2025;7;Julho;182;13
2025-07-02;2025;7;Julho;183;14
2025-07-03;2025;7;Julho;184;14
2025-07-04;2025;7;Julho;185;14
2025-07-05;2025;7;Julho;186;14
2025-07-06;2025;7;Julho;187;14
2025-07-07;2025;7;Julho;188;14
2025-07-08;2025;7;Julho;189;14
2025-07-09;2025;7;Julho;190;14
2025-07-10;2025;7;Julho;191;14
2025-07-11;2025;7;Julho;192;14
2025-07-12;2025;7;Julho;193;14
2025-07-13;2025;7;Julho;194;14
2025-07-14;2025;7;Julho;195;14
2025-07-15;2025;7;Julho;196;14
2025-07-16;2025;7;Julho;197;15
2025-07-17;2025;7;Julho;198;15
2025-07-18;2025;7;Julho;199;15
2025-07-19;2025;7;Julho;200;15
2025-07-20;2025;7;Julho;201;15
2025-07-21;2025;7;Julho;202;15
2025-07-22;2025;7;Julho;203;15
2025-07-23;2025;7;Julho;204;15
2025-07-24;2025;7;Julho;205;15
2025-07-25;2025;7;Julho;206;15
2025-07-26;2025;7;Julho;207;15
2025-07-27;2025;7;Julho;208;15
2025-07-28;2025;7;Julho;209;15
2025-07-29;2025;7;Julho;210;15
2025-07-30;2025;7;Julho;211;16
2025-07-31;2025;7;Julho;212;16
2025-08-01;2025;8;Agosto;213;16
2025-08-02;2025;8;Agosto;214;16
2025-08-03;2025;8;Agosto;215;16
2025-08-04;2025;8;Agosto;216;16
2025-08-05;2025;8;Agosto;217;16
2025-08-06;2025;8;Agosto;218;16
2025-08-07;2025;8;Agosto;219;16
2025-08-08;2025;8;Agosto;220;16
2025-08-09;2025;8;Agosto;221;16
2025-08-10;2025;8;Agosto;222;16
2025-08-11;2025;8;Agosto;223;16
2025-08-12;2025;8;Agosto;224;16
2025-08-13;2025;8;Agosto;225;17
2025-08-14;2025;8;Agosto;226;17
2025-08-15;2025;8;Agosto;227;17
2025-08-16;2025;8;Agosto;228;17
2025-08-17;2025;8;Agosto;229;17
2025-08-18;2025;8;Agosto;230;17
2025-08-19;2025;8;Agosto;231;17
2025-08-20;2025;8;Agosto;232;17
2025-08-21;2025;8;Agosto;233;17
2025-08-22;2025;8;Agosto;234;17
2025-08-23;2025;8;Agosto;235;17
2025-08-24;2025;8;Agosto;236;17
2025-08-25;2025;8;Agosto;237;17
2025-08-26;2025;8;Agosto;238;17
2025-08-27;2025;8;Agosto;239;18
2025-08-28;2025;8;Agosto;240;18
2025-08-29;2025;8;Agosto;241;18
2025-08-30;2025;8;Agosto;242;18
2025-08-31;2025;8;Agosto;243;18
2025-09-01;2025;9;Setembro;244;18
2025-09-02;2025;9;Setembro;245;18
2025-09-03;2025;9;Setembro;246;18
2025-09-04;2025;9;Setembro;247;18
2025-09-05;2025;9;Setembro;248;18
2025-09-06;2025;9;Setembro;249;18
2025-09-07;2025;9;Setembro;250;18
2025-09-08;2025;9;Setembro;251;18
2025-09-09;2025;9;Setembro;252;18
2025-09-10;2025;9;Setembro;253;19
2025-09-11;2025;9;Setembro;254;19
2025-09-12;2025;9;Setembro;255;19
2025-09-13;2025;9;Setembro;256;19
2025-09-14;2025;9;Setembro;257;19
2025-09-15;2025;9;Setembro;258;19
2025-09-16;2025;9;Setembro;259;19
2025-09-17;2025;9;Setembro;260;19
2025-09-18;2025;9;Setembro;261;19
2025-09-19;2025;9;Setembro;262;19
2025-09-20;2025;9;Setembro;263;19
2025-09-21;2025;9;Setembro;264;19
2025-09-22;2025;9;Setembro;265;19
2025-09-23;2025;9;Setembro;266;19
2025-09-24;2025;9;Setembro;267;20
2025-09-25;2025;9;Setembro;268;20
2025-09-26;2025;9;Setembro;269;20
2025-09-27;2025;9;Setembro;270;20
2025-09-28;2025;9;Setembro;271;20
2025-09-29;2025;9;Setembro;272;20
2025-09-30;2025;9;Setembro;273;20
2025-10-01;2025;10;Outubro;274;20
2025-10-02;2025;10;Outubro;275;20
2025-10-03;2025;10;Outubro;276;20
2025-10-04;2025;10;Outubro;277;20
2025-10-05;2025;10;Outubro;278;20
2025-10-06;2025;10;Outubro;279;20
2025-10-07;2025;10;Outubro;280;20
2025-10-08;2025;10;Outubro;281;21
2025-10-09;2025;10;Outubro;282;21
2025-10-10;2025;10;Outubro;283;21
2025-10-11;2025;10;Outubro;284;21
2025-10-12;2025;10;Outubro;285;21
2025-10-13;2025;10;Outubro;286;21
2025-10-14;2025;10;Outubro;287;21
2025-10-15;2025;10;Outubro;288;21
2025-10-16;2025;10;Outubro;289;21
2025-10-17;2025;10;Outubro;290;21
2025-10-18;2025;10;Outubro;291;21
2025-10-19;2025;10;Outubro;292;21
2025-10-20;2025;10;Outubro;293;21
2025-10-21;2025;10;Outubro;294;21
2025-10-22;2025;10;Outubro;295;22
2025-10-23;2025;10;Outubro;296;22
2025-10-24;2025;10;Outubro;297;22
2025-10-25;2025;10;Outubro;298;22
2025-10-26;2025;10;Outubro;299;22
2025-10-27;2025;10;Outubro;300;22
2025-10-28;2025;10;Outubro;301;22
2025-10-29;2025;10;Outubro;302;22
2025-10-30;2025;10;Outubro;303;22
2025-10-31;2025;10;Outubro;304;22
2025-11-01;2025;11;Novembro;305;22
2025-11-02;2025;11;Novembro;306;22
2025-11-03;2025;11;Novembro;307;22
2025-11-04;2025;11;Novembro;308;22
2025-11-05;2025;11;Novembro;309;23
2025-11-06;2025;11;Novembro;310;23
2025-11-07;2025;11;Novembro;311;23
2025-11-08;2025;11;Novembro;312;23
2025-11-09;2025;11;Novembro;313;23
2025-11-10;2025;11;Novembro;314;23
2025-11-11;2025;11;Novembro;315;23
2025-11-12;2025;11;Novembro;316;23
2025-11-13;2025;11;Novembro;317;23
2025-11-14;2025;11;Novembro;318;23
2025-11-15;2025;11;Novembro;319;23
2025-11-16;2025;11;Novembro;320;23
2025-11-17;2025;11;Novembro;321;23
2025-11-18;2025;11;Novembro;322;23
2025-11-19;2025;11;Novembro;323;24
2025-11-20;2025;11;Novembro;324;24
2025-11-21;2025;11;Novembro;325;24
2025-11-22;2025;11;Novembro;326;24
2025-11-23;2025;11;Novembro;327;24
2025-11-24;2025;11;Novembro;328;24
2025-11-25;2025;11;Novembro;329;24
2025-11-26;2025;11;Novembro;330;24
2025-11-27;2025;11;Novembro;331;24
2025-11-28;2025;11;Novembro;332;24
2025-11-29;2025;11;Novembro;333;24
2025-11-30;2025;11;Novembro;334;24
2025-12-01;2025;12;Dezembro;335;24
2025-12-02;2025;12;Dezembro;336;24
2025-12-03;2025;12;Dezembro;337;25
2025-12-04;2025;12;Dezembro;338;25
2025-12-05;2025;12;Dezembro;339;25
2025-12-06;2025;12;Dezembro;340;25
2025-12-07;2025;12;Dezembro;341;25
2025-12-08;2025;12;Dezembro;342;25
2025-12-09;2025;12;Dezembro;343;25
2025-12-10;2025;12;Dezembro;344;25
2025-12-11;2025;12;Dezembro;345;25
2025-12-12;2025;12;Dezembro;346;25
2025-12-13;2025;12;Dezembro;347;25
2025-12-14;2025;12;Dezembro;348;25
2025-12-15;2025;12;Dezembro;349;25
2025-12-16;2025;12;Dezembro;350;25
2025-12-17;2025;12;Dezembro;351;26
2025-12-18;2025;12;Dezembro;352;26
2025-12-19;2025;12;Dezembro;353;26
2025-12-20;2025;12;Dezembro;354;26
2025-12-21;2025;12;Dezembro;355;26
2025-12-22;2025;12;Dezembro;356;26
2025-12-23;2025;12;Dezembro;357;26
2025-12-24;2025;12;Dezembro;358;26
2025-12-25;2025;12;Dezembro;359;26
2025-12-26;2025;12;Dezembro;360;26
2025-12-27;2025;12;Dezembro;361;26
2025-12-28;2025;12;Dezembro;362;26
2025-12-29;2025;12;Dezembro;363;26
2025-12-30;2025;12;Dezembro;364;26
