Produto;Periodo Analise;R²;R² Adj.;F-statistic;Prob-f;Observações;GL - Modelo;GL - Residuo;Coef Brent US$ β₀;p_value β₀; Coef Dolar US$_BRL β₁;p_value β₁;correlação (r) brent;p-valor brent;correlação (r) dolar;p-valor dolar
GASOLINA;2023-2025;0.8201;0.8128;112.4955;0.0;2106;82;2023;0.0028;0.0026;0.2714;0.0;-0.0909;0.0;0.5315;0.0
GASOLINA;2023;0.6399;0.6249;42.7049;0.0;702;28;673;0.0213;0.0;-1.0985;0.0;0.096;0.011;-0.3549;0.0
GASOLINA;2024;0.8912;0.8867;196.9393;0.0;702;28;673;0.0006;0.6162;0.5012;0.0;0.1968;0.0;0.4547;0.0
GASOLINA;2025;0.9319;0.929;328.6913;0.0;702;28;673;-0.0007;0.5473;0.1974;0.0;0.0762;0.0435;0.0981;0.0093
DIESEL S10;2023-2025;0.6828;0.67;53.1101;0.0;2106;82;2023;0.0209;0.0;0.4602;0.0;0.1718;0.0;0.3456;0.0
DIESEL S10;2023;0.6509;0.6363;44.8082;0.0;702;28;673;0.0398;0.0;1.9557;0.0;0.5717;0.0;0.5112;0.0
DIESEL S10;2024;0.9595;0.9579;570.012;0.0;702;28;673;-0.0026;0.0002;0.1073;0.0;0.033;0.3833;0.1307;0.0005
DIESEL S10;2025;0.894;0.8896;202.7508;0.0;702;28;673;0.0013;0.3975;0.4468;0.0;0.2025;0.0;0.2348;0.0
ETANOL;2023-2025;0.8947;0.8904;209.1693;0.0;2102;82;2019;-0.0068;0.0;0.2632;0.0;-0.1747;0.0;0.3311;0.0
ETANOL;2023;0.8757;0.8705;168.3175;0.0;698;28;669;-0.0013;0.2731;-0.1073;0.0187;-0.0477;0.2086;-0.043;0.2567
ETANOL;2024;0.8801;0.8751;176.3673;0.0;702;28;673;0.0011;0.4587;0.4589;0.0;0.1604;0.0;0.3524;0.0
ETANOL;2025;0.915;0.9115;258.8412;0.0;702;28;673;-0.0058;0.0;0.0626;0.0399;-0.0451;0.2328;-0.0174;0.645
